---- PL/SQL 기본 구조 ----
-- 블록 단위 실행
-- 선언부, 실행부, 예외부, 처리부

SET SERVEROUTPUT ON -- 결과 출력
SET TIMING ON -- 경과시간 확인
DECLARE
    -- 선언부
    vi_num NUMBER; -- 변수 선언
BEGIN
    -- 실행부
    vi_num := 100; -- 변수 할당
    DBMS_OUTPUT.PUT_LINE(vi_num);
END; -- 블록 종료
/ --PL/SQL 종료 (스크립트 파일 형태로 실행할때 필수)


---- PL/SQL 구성요소 ----
-- 변수, 상수, 연산자 등
DECLARE
    a INTEGER := 2**2*3**2; -- 4*9
BEGIN
    DBMS_OUTPUT.PUT_LINE('a = ' || TO_CHAR(a));
END;


---- DML문 ----
-- PL/SQL의 목적 : 테이블과 연동하여 특정 로직에 따라 데이터를 처리하는 것(DML문만 사용)
DECLARE
    vs_emp_name VARCHAR2(80); -- 사원명 변수
    vs_dep_name VARCHAR2(80); -- 부서명 변수
BEGIN
    SELECT a.emp_name, b.department_name
        INTO vs_emp_name, vs_dep_name -- SQL과 PL/SQL을 연결해주는 구문
    FROM employees a
        , departments b
    WHERE a.department_id = b.department_id
        AND a.employee_id = 100;
    DBMS_OUTPUT.PUT_LINE(vs_emp_name || ' - ' || vs_dep_name);
END;


-- %TYPE : 해당 컬럼에 대응되는 변수 타입을 자동으로 가져오기
DECLARE
    vs_emp_name employees.emp_name%TYPE;
    vs_dep_name departments.department_name%TYPE;
BEGIN
    SELECT a.emp_name, b.department_name
        INTO vs_emp_name, vs_dep_name
    FROM employees a
        , departments b
    WHERE a.department_id = b.department_id
        AND a.employee_id = 100;
    DBMS_OUTPUT.PUT_LINE(vs_emp_name || ' - ' || vs_dep_name);
END;


-- SQL과 PL/SQL에서 사용할 수 있는 데이터 크기는 다름
-- PL/SQL > SQL보다 더 큰 크기로 사용 가능
DROP TABLE ch08_varchar2;
CREATE TABLE ch08_varchar2(
    VAR1 VARCHAR2(4000)
);

INSERT INTO ch08_varchar2 (VAR1)
VALUES ('tQbADHDjqtRCvosYCLwzbyKKrQCdJubDPTHnzqvjRwGxhQJtrVbXsLNlgeeMCemGMYpvfoHUHDxIPTDjleABGoowxlzCVipeVwsMFRNzZYgHfQUSIeOITaCKJpxAWwydApVUlQiKDgJlFIOGPOKoJsoemqNbOLdZOBcQhDcMLXuYjRQZDIpgpmImgiwzcLkSilCmLrSbmFNsKEEpzCHDylMvkYPKPNeuJxLvJiApNCYzrMcflECbxwNTKSxaEwVvCYnTnFfMFgDqxobWcSmMJrNTQIVOeWlPaMTfRHsrlFSukppmljmOojPSgJiSbQcgtWWOwUNNYFGtgCGBsIcTGAiHWBxtYVXecoJgJCAJptIVmVTZSKliRLoPYTIUpksBuQaqFHLhCkosWChoMjbqgLtBIRBynsKjKiLrdeHVvZanNVElDjLWwlCDhbpsAVQMTzjzhoKIJBdthynMBMVjeNmsKAjdAYhPZKmuKOuMloQdkqPjoKbfjDEeATciMrXiMQorMhYmBlMODBbyLLIkbmtZdPcWGSuxFEUwXnWpvnunEgcLelSneRIpgRNTzTkHqgLbpxoHzCYgSWlIAvKljCnmWiPWGGwlUFOudRSdoqUxntyhNYEiVXtMObywEltTImawnElpmeiWwlTjGTFceqyjhNqiDLxwduubykWzDmFSJNvVvDZibrCpAReqQjlQZcxuVqjKGKvoDuEcQPQeDzmdMYSOTIQdPDNfDffCOUWflHSQhvVTiYumBQIoyznWNITGZkefknJpGEutUnhBgLPQTWTBeTYccqlLrxvRjfJpdpfVDqqfKCngemIEDDHNdvBxCqKDTrrJAumXMKgpWLIHctQuACeNaKnffpYXiioLxZDrxpuZPPUGpRsCtoQuBfogkKuusVATkMyajKTPSyTQbfhZepRjNdrhkymqKvsAcThYbMSMnkKcLWFPAMeGysBVKkQtFMPvRBoDszlSZcMYzwxkKQwJnuVnDxShYiHFlzgDWqhZoqeypyFVBNDtHkiVzHkQisYLbsbVneJyHbHdtaIFLVbfTqbkGQTEjFlPiGUddPUIoLWALrbKcLwBizwhJvaXkvOphcGWpdNAhxgehCvjcQFSFhxrBuANKjyWncWAUpKKJcfQCsQlLfpqdMhjWGkAMMWUaDfCrGtmtkiIZOdNapEnvfFKiHAhBhejgKSuyKXFQXyCaLwwvonHsceJKgjtnYVZvBCYYBSqNCqVqCGewootJJsqrCnmiteMZBbyMPnIrdcielnGUYmwiOPmEqKGvxDmDRTDRumnSRcnvgxLbaiQIuzdslEIMquvvwmvgaumqPkduNyfRtXErCPvDYLelhjNNOjbGryRpTtDHxIJebMEtKryUyZRIdADeTEBExwHMRHzAYFizYiesaMhNIsOUzUTmyEMuFQrsUEtjwhUWIvADNlrcxPZwRazPMMvdVZssmXbXuCkRoPYNGLPwUmrWrrIgQoMSGMPvTcbHnbtleyKYmOMgymANQBZDMoqAOzMHrAVunIiykCudFVNObNgXOoyfQRICbFsWygSZXufipvrWWmRnBWYdoKmIRewOObUjiNDdQsxQIXtlbPSSngfQPfeQKOolVASXIuAmeODKtSOPaEaFKcedGzzsbrPlsPnRRuYFeVdhyufpjFVVrTPczSQkmPYXercLMmVEaDmJXKTqEVNSKeOshDCDJwdINFsLhAuKIIfOdjSEndDwumQLvePVjzNoIfUELOANeshoNgwVhFADjtUIjIhQAIyRnzSoxSRSWklITMgdjQZTthwsnBVLWyfSsAdLzOnEqmMCGBlTYGjtqvKbBoATRwkPkOTSbUhZClVzjiLLIFEMuptuodeRKXUaBfUhVTtasFsZdVnKtEfLldJYsxjlrBADRqhEBEmBKxlXKgEhiKcwAdztcETMUteJwadfaZLEBRjwJOGaIMhsfAxtuBQWyQLGXPDlFQmkcMsKsGUlQBEAubDqbuBYqXLZgmhPftLkYaCYGReLCVXssOxzJFJwnxKJzaaYzfVpbHYBtiBeQZRilJZqrrMTrVtYAcwGxAAddwtlxzdZebfZHjzqRmrrBPNbkVHqjCHtVKUjIDPVSrtyEsPRPoyyPOFOSBcgClTzlAIPmPMkdlpFHctzKGpyQMInMwPKojVErCOrHbCsZoEXqyOcHReSybmxwYabyioVnDxPEvskutVHLWQTNudmKICoaoSGKqONrBmvtGNBKAaJxCRKTDOIqrJOsQVOmGxmuIDEddVYvDwILTyushOAiXbkRIKgNLnFJdOagmiOHKRBKIIkxkOUeZWMRNlqpJdFgKjrGhIzrgBtgjVOtZAskKRbqzRVwLUoUAtRpRkoRQNLIrbLmmjZTugXJBNCscnMguKVAFDKpODtCsmdlBvQGALeBGUitYBxLYhJxeVcAnTWmTAvCITzdzqiBfEudEIBmkDAXIFmoOmsTMZDOnhXYrgMDlDbjednYWWJbGhrXFrxMQmQSmRBwoOqWGbGmjZNlJCvSHvmtZUkIScWXVdfSsdvdyQNpGFIOuteXhCMLmmEHrMucEmFbCIOHTJINAuIUOPfAfijIPkZjppGCCSRJNXWNCmliwUgABkHWuelUWeLsyVKVcZWOSeiQBQibCQJQUgGkTrXZxdBLsgjeMIwOyORDBpywuvlrLScRNhvaCYaKKRvOZeqBebUWWFhNnIRJvedFNfFPgWZJgNRaUpyYWFNiXJfAqNjyCEQYwAdFBQKKolwrufmJOfrToJFEsoNjaphcNvfWGIjKrKZSoSJEsbRqNVcoprpcGrnBgcNAnWUFpRldcPJkPfaoLKRCmVyMAWMXmnScodKisCTqllZEWQQSCFETxLNntgdcFEFRsTSIhuewwrHIlOeCcRqkzgQhKnKyHZHdFsMEKvPywLbjaspVxUMEkVzCGcGoTmaBjUMwJuAYdSTaYGDHHWDrvGgMVTtehpzfgofkmqtamffJbCKOzJgPsHNEnFarjADJGyKLwwitCiBXIraUdZtZwNjUtGbWqxksepVYztIBrimByoYQfUQgOndzFmhnuSmhYWvHliWUHgbvBIkYasDElNsjcCLtMvjQEhJjWvlnAscPwOYfelrfgfRAZGBxdFlMNkfYEWLbkfUhbRPHoDZsaAQdoKhAAWzOcHoAkkHPQMNIxgHNJaqEFBqCuMYEtLpMnIiMCWWEPnBYgYrxlXFGYpQWUNFevwcEUvUzDeSZNrdmahAfjeLSAGjHVnqyTzJkiVXjDJXzOiszXQCErQwwDMMqjLxWebJwNAVdrXeyMDRYXmLMDnuWLVaShVGhlgvbjOdOnhCDTNVazYDnzstqxjOuWbLcDaavRumKUOQXBQwKtdFgOzXiQKWFporrIcylIHlTmTKAIpBqNUbkajLTlwAHieCcqPIJYhegwQhWpYZdfxpQXDKtYzsrmnvdiTKgXfXKlIHPHlxQtqXGhMVPOBAKVZJfkrDNEwnQFwgfoHJSqQxTzRswVLrtFgpVzKcLilgznElWUfhERyeUrCcFCuGJddlFHJrXsqRdUjqUwaBmJVNwjRbCFiVMOSFuNctNVzhmhUpoddsMPUFMvNIMsMjHIWYiLjhSajZqpDkMvUOUCbYKfNHGpdUeWGUtDXHDNSCEXqYrhWhvnISnjfoBMCwwptksarPImRZaRxBMjoBdlmRGlIuQZDzCLnxxioATnGVFFTATUpeypOCaCeJAvPLxEXYzlCgXvXirGSZFyZPPSCdOSHxeELRsetFrWgqPNNpwgbgBEYPOSpLWeVdqOxPaQnidyPVMmELzeJPWgNsWBdPJPjhkdGpeAYZfrBNqdbOwzbtLiWMPafjgWQNcWKqmcleWLcMJoGSAEIUyFuzElZKXonHOMDdGMtSKEFUWdfPfnDecKNhIjAKRYmkXgpPAzlKIOpViZPkZdozzAoWwDnXkfDikvkXcQaoBtzKkcRhNpJRYaGTkdnlfotsJZsLqpYaWoK');

COMMIT;
    
DECLARE
   vs_sql_varchar2   VARCHAR2(4000);
   vs_plsql_varchar2 VARCHAR2(32767);
BEGIN
    -- ch08_varchar2 테이블의 값을 변수에 담는다. 
    SELECT VAR1 
        INTO vs_sql_varchar2
    FROM ch08_varchar2;
    -- PL/SQL 변수에 4000 BYTE 이상 크기의 값을 넣는다. 
    vs_plsql_varchar2 := vs_sql_varchar2 || ' - ' || vs_sql_varchar2 || ' - ' || vs_sql_varchar2;
    -- 각 변수 크기를 출력한다. 
    DBMS_OUTPUT.PUT_LINE('SQL VARCHAR2 길이 : ' || LENGTHB(vs_sql_varchar2)); 
    DBMS_OUTPUT.PUT_LINE('PL/SQL VARCHAR2 길이 : ' || LENGTHB(vs_plsql_varchar2)); 
END;


-- 두 수의 합
accept p_num1 prompt '첫번째 숫자를 입력하세요 ~ '
accept p_num2 prompt '두번째 숫자를 입력하세요 ~ '

DECLARE
    v_sum number(10);
BEGIN
    v_sum := &p_num1 + &p_num2;
    DBMS_OUTPUT.PUT_LINE('Total :' || v_sum);
END;


---- 사원번호를 찾아라 ----
DROP table emp;
DROP table dept;
CREATE TABLE DEPT
       (DEPTNO number(10),
        DNAME VARCHAR2(14),
        LOC VARCHAR2(13) );

INSERT INTO DEPT VALUES (10, 'ACCOUNTING', 'NEW YORK');
INSERT INTO DEPT VALUES (20, 'RESEARCH',   'DALLAS');
INSERT INTO DEPT VALUES (30, 'SALES',      'CHICAGO');
INSERT INTO DEPT VALUES (40, 'OPERATIONS', 'BOSTON');

CREATE TABLE EMP (
 EMPNO               NUMBER(4) NOT NULL,
 ENAME               VARCHAR2(10),
 JOB                 VARCHAR2(9),
 MGR                 NUMBER(4) ,
 HIREDATE            DATE,
 SAL                 NUMBER(7,2),
 COMM                NUMBER(7,2),
 DEPTNO              NUMBER(2) );

INSERT INTO EMP VALUES (7839,'KING','PRESIDENT',NULL,'81-11-17',5000,NULL,10);
INSERT INTO EMP VALUES (7698,'BLAKE','MANAGER',7839,'81-05-01',2850,NULL,30);
INSERT INTO EMP VALUES (7782,'CLARK','MANAGER',7839,'81-05-09',2450,NULL,10);
INSERT INTO EMP VALUES (7566,'JONES','MANAGER',7839,'81-04-01',2975,NULL,20);
INSERT INTO EMP VALUES (7654,'MARTIN','SALESMAN',7698,'81-09-10',1250,1400,30);
INSERT INTO EMP VALUES (7499,'ALLEN','SALESMAN',7698,'81-02-11',1600,300,30);
INSERT INTO EMP VALUES (7844,'TURNER','SALESMAN',7698,'81-08-21',1500,0,30);
INSERT INTO EMP VALUES (7900,'JAMES','CLERK',7698,'81-12-11',950,NULL,30);
INSERT INTO EMP VALUES (7521,'WARD','SALESMAN',7698,'81-02-23',1250,500,30);
INSERT INTO EMP VALUES (7902,'FORD','ANALYST',7566,'81-12-11',3000,NULL,20);
INSERT INTO EMP VALUES (7369,'SMITH','CLERK',7902,'80-12-11',800,NULL,20);
INSERT INTO EMP VALUES (7788,'SCOTT','ANALYST',7566,'82-12-22',3000,NULL,20);
INSERT INTO EMP VALUES (7876,'ADAMS','CLERK',7788,'83-01-15',1100,NULL,20);
INSERT INTO EMP VALUES (7934,'MILLER','CLERK',7782,'82-01-11',1300,NULL,10);

COMMIT;

DROP TABLE  salgrade;
CREATE TABLE salgrade
( grade   number(10),
  losal   number(10),
  hisal   number(10) );

INSERT INTO salgrade  VALUES(1,700,1200);
INSERT INTO salgrade  VALUES(2,1201,1400);
INSERT INTO salgrade  VALUES(3,1401,2000);
INSERT INTO salgrade  VALUES(4,2001,3000);
INSERT INTO salgrade  VALUES(5,3001,9999);

COMMIT;

-- 사원번호를 입력하면 해당 사원의 급여가 나오도록 출력하기
ACCEPT p_empno prompt '사원 번호를 입력하시오. '
DECLARE
    v_sal number(10);
BEGIN
    SELECT SAL INTO v_sal
    FROM emp
    WHERE empno = &p_empno;
    DBMS_OUTPUT.PUT_LINE('월급은 ' || v_sal);
END;